{
    "model_name": "Saturn-1.5B",
    "pass@1": 0.07833333333333335,
    "pass@3": 0.19531818181818184,
    "pass@5": 0.2785606060606062,
    "pass@7": 0.34171717171717164,
    "pass@10": 0.4131818181818182,
    "average_tokens": 6608.2024999999985
}