{
    "model_name": "DeepSeek-R1-Distill-Qwen-1.5B",
    "pass@1": 0.03333333333333337,
    "pass@3": 0.09431818181818181,
    "pass@5": 0.14914141414141413,
    "pass@7": 0.19921717171717168,
    "pass@10": 0.26772727272727265,
    "average_tokens": 11927.900000000001
}