{
    "model_name": "Saturn-1.5B",
    "pass@1": 0.061666666666666675,
    "pass@3": 0.15813636363636366,
    "pass@5": 0.23468434343434358,
    "pass@7": 0.3005303030303029,
    "pass@10": 0.38742424242424245,
    "average_tokens": 8505.688333333335
}