{
    "ACC": 0.6506024096385542,
    "total_time": 5028.237336874008,
    "average_time": 60.58117273342179
}