{
    "model_name": "Saturn-7B",
    "pass@1": 0.645,
    "pass@3": 0.9352272727272727,
    "pass@5": 0.9855555555555554,
    "pass@7": 0.9966035353535351,
    "pass@10": 0.9998484848484849,
    "average_tokens": 6308.433333333335
}