{
    "model_name": "DeepSeek-R1-Distill-Qwen-1.5B",
    "pass@1": 0.01333333333333334,
    "pass@3": 0.038181818181818185,
    "pass@5": 0.06060606060606062,
    "pass@7": 0.08060606060606061,
    "pass@10": 0.10606060606060605,
    "average_tokens": 12244.028333333335
}