{
    "model_name": "DeepSeek-R1-Distill-Qwen-1.5B",
    "pass@1": 0.01583333333333335,
    "pass@3": 0.04659090909090909,
    "pass@5": 0.07613636363636368,
    "pass@7": 0.10446969696969698,
    "pass@10": 0.1446969696969697,
    "average_tokens": 12964.243333333328
}