{
    "model_name": "Saturn-1.5B",
    "pass@1": 0.22499999999999992,
    "pass@3": 0.503181818181818,
    "pass@5": 0.6702525252525257,
    "pass@7": 0.782222222222222,
    "pass@10": 0.896363636363636,
    "average_tokens": 8619.405
}