{
    "model_name": "DeepSeek-R1-Distill-Qwen-7B",
    "pass@1": 0.045000000000000026,
    "pass@3": 0.11800000000000005,
    "pass@5": 0.1751262626262626,
    "pass@7": 0.22184343434343426,
    "pass@10": 0.2787878787878787,
    "average_tokens": 13190.107499999995
}