{
    "model_name": "Saturn-7B",
    "pass@1": 0.08583333333333337,
    "pass@3": 0.22936363636363633,
    "pass@5": 0.34387626262626275,
    "pass@7": 0.43723484848484856,
    "pass@10": 0.5492424242424244,
    "average_tokens": 10497.1925
}