{
    "model_name": "Saturn-7B",
    "pass@1": 0.6641666666666665,
    "pass@3": 0.9410454545454547,
    "pass@5": 0.985050505050505,
    "pass@7": 0.9956439393939391,
    "pass@10": 0.9996969696969696,
    "average_tokens": 6183.45
}