{
    "model_name": "Saturn-7B",
    "pass@1": 0.5733333333333333,
    "pass@3": 0.9102272727272731,
    "pass@5": 0.9754545454545455,
    "pass@7": 0.9921843434343431,
    "pass@10": 0.9983333333333333,
    "average_tokens": 6897.8375
}