{
    "ACC": 0.8554216867469879,
    "total_time": 5638.786906003952,
    "average_time": 67.93719163860183
}