{
    "model_name": "DeepSeek-R1-Distill-Qwen-7B",
    "pass@1": 0.21500000000000002,
    "pass@3": 0.4988181818181815,
    "pass@5": 0.6691414141414144,
    "pass@7": 0.7779671717171713,
    "pass@10": 0.8780303030303028,
    "average_tokens": 11576.786666666667
}