{
    "model_name": "Saturn-7B",
    "pass@1": 0.09166666666666667,
    "pass@3": 0.24272727272727265,
    "pass@5": 0.3592424242424244,
    "pass@7": 0.44969696969696993,
    "pass@10": 0.5503030303030304,
    "average_tokens": 10165.504166666662
}