{
    "model_name": "DeepSeek-R1-Distill-Qwen-7B",
    "pass@1": 0.24416666666666664,
    "pass@3": 0.5617272727272721,
    "pass@5": 0.7398989898989901,
    "pass@7": 0.8430934343434341,
    "pass@10": 0.9280303030303027,
    "average_tokens": 12813.05
}