{
    "model_name": "Saturn-1.5B",
    "pass@1": 0.002500000000000001,
    "pass@3": 0.0075,
    "pass@5": 0.012500000000000002,
    "pass@7": 0.0175,
    "pass@10": 0.025,
    "average_tokens": 10790.67083333333
}