{
    "model_name": "Saturn-1.5B",
    "pass@1": 0.28999999999999987,
    "pass@3": 0.6253181818181812,
    "pass@5": 0.7903661616161619,
    "pass@7": 0.8784090909090904,
    "pass@10": 0.9457575757575755,
    "average_tokens": 11355.469166666662
}