{
    "model_name": "DeepSeek-R1-Distill-Qwen-1.5B",
    "pass@1": 0.03333333333333336,
    "pass@3": 0.09290909090909093,
    "pass@5": 0.1442424242424242,
    "pass@7": 0.18878787878787878,
    "pass@10": 0.24606060606060598,
    "average_tokens": 11558.994999999997
}