{
    "model_name": "DeepSeek-R1-Distill-Qwen-7B",
    "pass@1": 0.022500000000000023,
    "pass@3": 0.06527272727272727,
    "pass@5": 0.10537878787878789,
    "pass@7": 0.14318181818181822,
    "pass@10": 0.19636363636363638,
    "average_tokens": 13136.609166666665
}