{
    "model_name": "DeepSeek-R1-Distill-Qwen-1.5B",
    "pass@1": 0.04416666666666671,
    "pass@3": 0.1248636363636364,
    "pass@5": 0.1959848484848485,
    "pass@7": 0.25825757575757563,
    "pass@10": 0.33666666666666656,
    "average_tokens": 12878.82666666666
}