{
    "model_name": "DeepSeek-R1-Distill-Qwen-7B",
    "pass@1": 0.23333333333333328,
    "pass@3": 0.5278636363636359,
    "pass@5": 0.6916540404040405,
    "pass@7": 0.7868181818181816,
    "pass@10": 0.8662121212121211,
    "average_tokens": 11795.046666666663
}