{
    "ACC": 0.7349397590361446,
    "total_time": 4068.840777873993,
    "average_time": 49.02217804667461
}