{
    "model_name": "DeepSeek-R1-Distill-Qwen-1.5B",
    "pass@1": 0.03333333333333336,
    "pass@3": 0.09136363636363638,
    "pass@5": 0.14249999999999996,
    "pass@7": 0.1892424242424242,
    "pass@10": 0.25242424242424233,
    "average_tokens": 11804.955833333339
}