{
    "model_name": "Saturn-7B",
    "pass@1": 0.19166666666666676,
    "pass@3": 0.45654545454545425,
    "pass@5": 0.6235353535353532,
    "pass@7": 0.7352272727272728,
    "pass@10": 0.8468181818181817,
    "average_tokens": 11015.909166666668
}