{
    "ACC": 0.8072289156626506,
    "total_time": 6888.088647603989,
    "average_time": 82.98901985065046
}