{
    "model_name": "DeepSeek-R1-Distill-Qwen-7B",
    "pass@1": 0.12250000000000005,
    "pass@3": 0.3128181818181817,
    "pass@5": 0.4539141414141417,
    "pass@7": 0.562588383838384,
    "pass@10": 0.6856060606060607,
    "average_tokens": 13289.561666666661
}