{
    "model_name": "Saturn-1.5B",
    "pass@1": 0.07250000000000002,
    "pass@3": 0.18504545454545457,
    "pass@5": 0.2665782828282829,
    "pass@7": 0.3276388888888887,
    "pass@10": 0.3951515151515151,
    "average_tokens": 7437.963333333339
}