{
    "model_name": "Saturn-7B",
    "pass@1": 0.10250000000000009,
    "pass@3": 0.2652727272727272,
    "pass@5": 0.3856060606060608,
    "pass@7": 0.47603535353535364,
    "pass@10": 0.5734848484848487,
    "average_tokens": 10228.772499999997
}