{
    "model_name": "DeepSeek-R1-Distill-Qwen-1.5B",
    "pass@1": 0.003333333333333335,
    "pass@3": 0.01,
    "pass@5": 0.01666666666666667,
    "pass@7": 0.023333333333333334,
    "pass@10": 0.03333333333333333,
    "average_tokens": 12717.91166666666
}