{
    "model_name": "DeepSeek-R1-Distill-Qwen-7B",
    "pass@1": 0.12250000000000007,
    "pass@3": 0.31186363636363623,
    "pass@5": 0.44723484848484846,
    "pass@7": 0.5460479797979803,
    "pass@10": 0.6501515151515155,
    "average_tokens": 12455.115833333337
}