{
    "model_name": "Saturn-7B",
    "pass@1": 0.4466666666666665,
    "pass@3": 0.7824090909090907,
    "pass@5": 0.8953914141414142,
    "pass@7": 0.9420580808080804,
    "pass@10": 0.9707575757575756,
    "average_tokens": 7635.530833333337
}