{
    "model_name": "DeepSeek-R1-Distill-Qwen-1.5B",
    "pass@1": 0.07166666666666668,
    "pass@3": 0.19295454545454546,
    "pass@5": 0.2917297979797982,
    "pass@7": 0.37448232323232317,
    "pass@10": 0.47878787878787904,
    "average_tokens": 12240.747499999998
}