{
    "model_name": "DeepSeek-R1-Distill-Qwen-7B",
    "pass@1": 0.03833333333333336,
    "pass@3": 0.10431818181818184,
    "pass@5": 0.16001262626262622,
    "pass@7": 0.20867424242424237,
    "pass@10": 0.27242424242424235,
    "average_tokens": 13166.108333333332
}