{
    "model_name": "DeepSeek-R1-Distill-Qwen-1.5B",
    "pass@1": 0.010833333333333339,
    "pass@3": 0.0325,
    "pass@5": 0.054166666666666696,
    "pass@7": 0.07583333333333332,
    "pass@10": 0.10833333333333334,
    "average_tokens": 12783.241666666667
}