{
    "model_name": "Saturn-7B",
    "pass@1": 0.6458333333333331,
    "pass@3": 0.9333636363636364,
    "pass@5": 0.9821085858585861,
    "pass@7": 0.9952777777777776,
    "pass@10": 0.9998484848484849,
    "average_tokens": 6342.099166666669
}