{
    "model_name": "Saturn-1.5B",
    "pass@1": 0.0891666666666667,
    "pass@3": 0.21609090909090906,
    "pass@5": 0.3056691919191921,
    "pass@7": 0.3751388888888888,
    "pass@10": 0.45651515151515154,
    "average_tokens": 7143.514166666666
}