{
    "model_name": "DeepSeek-R1-Distill-Qwen-1.5B",
    "pass@1": 0.10583333333333336,
    "pass@3": 0.28863636363636347,
    "pass@5": 0.4373989898989899,
    "pass@7": 0.5571717171717174,
    "pass@10": 0.6927272727272726,
    "average_tokens": 12756.948333333336
}