{
    "model_name": "Saturn-7B",
    "pass@1": 0.36416666666666664,
    "pass@3": 0.7242272727272724,
    "pass@5": 0.8641161616161623,
    "pass@7": 0.9220580808080802,
    "pass@10": 0.9534848484848485,
    "average_tokens": 10017.385000000002
}