{
    "model_name": "Saturn-1.5B",
    "pass@1": 0.033333333333333354,
    "pass@3": 0.09463636363636363,
    "pass@5": 0.14939393939393938,
    "pass@7": 0.19833333333333328,
    "pass@10": 0.26242424242424234,
    "average_tokens": 11114.231666666663
}