{
    "model_name": "DeepSeek-R1-Distill-Qwen-7B",
    "pass@1": 0.19249999999999992,
    "pass@3": 0.4564090909090905,
    "pass@5": 0.6231186868686869,
    "pass@7": 0.7355176767676767,
    "pass@10": 0.8471212121212119,
    "average_tokens": 11836.918333333333
}