{
    "model_name": "DeepSeek-R1-Distill-Qwen-7B",
    "pass@1": 0.3016666666666667,
    "pass@3": 0.6559545454545451,
    "pass@5": 0.8292297979797987,
    "pass@7": 0.9161742424242418,
    "pass@10": 0.9739393939393938,
    "average_tokens": 11552.89333333333
}