{
    "model_name": "Saturn-1.5B",
    "pass@1": 0.12916666666666676,
    "pass@3": 0.3171818181818181,
    "pass@5": 0.4410732323232322,
    "pass@7": 0.5253661616161618,
    "pass@10": 0.6095454545454548,
    "average_tokens": 11649.718333333338
}