{
    "model_name": "Saturn-1.5B",
    "pass@1": 0.041666666666666685,
    "pass@3": 0.11327272727272732,
    "pass@5": 0.17238636363636367,
    "pass@7": 0.22157828282828276,
    "pass@10": 0.2799999999999999,
    "average_tokens": 11175.671666666667
}